{
  "anfcucvo/1.wav": 132.23140495867767,
  "anfcucvo/2.wav": 146.78899082568807,
  "anfcucvo/3.wav": 142.71763392857144,
  "anfcucvo/4.wav": 141.5929203539823,
  "anfcucvo/5.wav": 142.85714285714286,
  "avkzpivg/1.wav": 202.53164556962025,
  "avkzpivg/2.wav": 203.8299253489127,
  "avkzpivg/3.wav": 210.52631578947367,
  "avkzpivg/4.wav": 200.0,
  "bfeciyuh/1.wav": 179.77528089887642,
  "bfeciyuh/2.wav": 173.91304347826087,
  "bfeciyuh/3.wav": 161.6161616161616,
  "bfeciyuh/4.wav": 172.04301075268816,
  "bhpsskoe/1.wav": 108.50574712643677,
  "bhpsskoe/2.wav": 111.4996114996115,
  "bhpsskoe/3.wav": 111.8881118881119,
  "bhpsskoe/4.wav": 97.86024240610504,
  "bkykqsld/1.wav": 89.87925859277466,
  "bkykqsld/2.wav": 90.3954802259887,
  "bkykqsld/3.wav": 95.23809523809524,
  "bkykqsld/4.wav": 91.42857142857143,
  "bqblxokh/1.wav": 130.08130081300814,
  "bqblxokh/2.wav": 150.9433962264151,
  "bqblxokh/3.wav": 140.35087719298247,
  "bqblxokh/4.wav": 141.5929203539823,
  "cfbhzaey/1.wav": 163.26530612244898,
  "cfbhzaey/2.wav": 172.04301075268816,
  "cfbhzaey/3.wav": 186.04651162790697,
  "cfbhzaey/4.wav": 172.04301075268816,
  "djkkjpqd/1.wav": 213.33333333333334,
  "djkkjpqd/2.wav": 202.53164556962025,
  "djkkjpqd/3.wav": 202.53164556962025,
  "djkkjpqd/4.wav": 205.12820512820514,
  "dkqzvbof/1.wav": 144.14414414414415,
  "dkqzvbof/2.wav": 128.51612903225805,
  "dkqzvbof/3.wav": 133.33333333333334,
  "dkqzvbof/4.wav": 134.4632768361582,
  "dnkhkmfq/1.wav": 110.34482758620689,
  "dnkhkmfq/2.wav": 104.57516339869281,
  "dnkhkmfq/3.wav": 111.8881118881119,
  "dnkhkmfq/4.wav": 111.11111111111111,
  "dstqqzsu/1.wav": 164.96598639455783,
  "dstqqzsu/2.wav": 160.0,
  "dstqqzsu/3.wav": 160.8080808080808,
  "dstqqzsu/4.wav": 160.0,
  "dsvhdyry/1.wav": 235.34501406013413,
  "dsvhdyry/2.wav": 238.80597014925374,
  "dsvhdyry/3.wav": 228.57142857142858,
  "dsvhdyry/4.wav": 235.2941176470588,
  "fbakxffn/1.wav": 116.78832116788321,
  "fbakxffn/2.wav": 189.453125,
  "fbakxffn/3.wav": 89.84375,
  "fbakxffn/4.wav": 114.28571428571429,
  "fegormwx/1.wav": 195.1219512195122,
  "fegormwx/2.wav": 202.53164556962025,
  "fegormwx/3.wav": 195.1219512195122,
  "fegormwx/4.wav": 200.0,
  "fekxvrid/1.wav": 253.96825396825398,
  "fekxvrid/2.wav": 238.80597014925374,
  "fekxvrid/3.wav": 248.0769230769231,
  "fekxvrid/4.wav": 273.5242548217417,
  "fnlzfois/1.wav": 122.13740458015268,
  "fnlzfois/2.wav": 111.11111111111111,
  "fnlzfois/3.wav": 107.02460850111856,
  "fnlzfois/4.wav": 109.58904109589041,
  "fpcsoxnx/1.wav": 149.53271028037383,
  "fpcsoxnx/2.wav": 148.14814814814815,
  "fpcsoxnx/3.wav": 146.80134680134682,
  "fpcsoxnx/4.wav": 146.78899082568807,
  "frlmfrek/1.wav": 122.60716382853788,
  "frlmfrek/2.wav": 129.55677943876213,
  "frlmfrek/3.wav": 120.24836753731344,
  "frlmfrek/4.wav": 120.30075187969925,
  "fsyeviyq/1.wav": 170.2127659574468,
  "fsyeviyq/10.wav": 173.91304347826087,
  "fsyeviyq/2.wav": 158.41584158415841,
  "fsyeviyq/3.wav": 173.91304347826087,
  "fsyeviyq/4.wav": 188.23529411764707,
  "fsyeviyq/5.wav": 188.26135105204872,
  "fsyeviyq/6.wav": 228.57142857142858,
  "fsyeviyq/7.wav": 186.04651162790697,
  "fsyeviyq/8.wav": 200.0,
  "fsyeviyq/9.wav": 188.23529411764707,
  "ggcprfob/1.wav": 246.15384615384616,
  "ggcprfob/2.wav": 253.96825396825398,
  "ggcprfob/3.wav": 250.0,
  "ggcprfob/4.wav": 250.0,
  "ghmcwtzk/1.wav": 156.86274509803923,
  "ghmcwtzk/2.wav": 163.26530612244898,
  "ghmcwtzk/3.wav": 162.4407338693053,
  "ghmcwtzk/4.wav": 155.3398058252427,
  "ghrmygpi/1.wav": 225.35211267605635,
  "ghrmygpi/2.wav": 216.21621621621622,
  "ghrmygpi/3.wav": 207.7922077922078,
  "ghrmygpi/4.wav": 231.8840579710145,
  "gibkvtfl/1.wav": 136.1726785455599,
  "gibkvtfl/2.wav": 148.14814814814815,
  "gibkvtfl/3.wav": 149.53271028037383,
  "gibkvtfl/4.wav": 144.14414414414415,
  "gkrrpzij/1.wav": 210.52631578947367,
  "gkrrpzij/2.wav": 205.12820512820514,
  "gkrrpzij/3.wav": 192.7710843373494,
  "gkrrpzij/4.wav": 209.15926179084073,
  "gyafyilv/1.wav": 116.78832116788321,
  "gyafyilv/2.wav": 125.0,
  "gyafyilv/3.wav": 116.78832116788321,
  "gyafyilv/4.wav": 119.40298507462687,
  "hbnlqtxv/1.wav": 118.51851851851852,
  "hbnlqtxv/2.wav": 129.03225806451613,
  "hbnlqtxv/3.wav": 125.0,
  "hbnlqtxv/4.wav": 131.14754098360655,
  "hdpgkquf/1.wav": 93.02640029746814,
  "hdpgkquf/2.wav": 101.91082802547771,
  "hdpgkquf/3.wav": 102.56410256410257,
  "hdpgkquf/4.wav": 98.76543209876543,
  "htwbbaph/1.wav": 213.33333333333334,
  "htwbbaph/2.wav": 219.17808219178082,
  "htwbbaph/3.wav": 205.12820512820514,
  "htwbbaph/4.wav": 197.53086419753086,
  "isofjuxj/1.wav": 105.26315789473684,
  "isofjuxj/2.wav": 97.26533628972653,
  "isofjuxj/3.wav": 101.26582278481013,
  "isofjuxj/4.wav": 103.2258064516129,
  "jotbzihj/1.wav": 207.7922077922078,
  "jotbzihj/2.wav": 202.53164556962025,
  "jotbzihj/3.wav": 197.53086419753086,
  "jotbzihj/4.wav": 205.12820512820514,
  "jvvfnxlp/1.wav": 195.1219512195122,
  "jvvfnxlp/2.wav": 242.47990815154995,
  "jvvfnxlp/3.wav": 184.97727880245924,
  "jvvfnxlp/4.wav": 188.23529411764707,
  "jvvfnxlp/5.wav": 172.04301075268816,
  "jvvfnxlp/6.wav": 250.0,
  "jvvfnxlp/7.wav": 172.04301075268816,
  "jvvfnxlp/8.wav": 189.35574229691878,
  "jzowxmmv/1.wav": 192.7710843373494,
  "jzowxmmv/2.wav": 192.7710843373494,
  "jzowxmmv/3.wav": 202.53164556962025,
  "jzowxmmv/4.wav": 186.04651162790697,
  "kebwpdyu/1.wav": 256.0163850486431,
  "kebwpdyu/2.wav": 231.8840579710145,
  "kebwpdyu/3.wav": 237.15415019762847,
  "kebwpdyu/4.wav": 169.3548387096774,
  "kebwpdyu/5.wav": 191.62363740676994,
  "kebwpdyu/6.wav": 156.86274509803923,
  "kebwpdyu/7.wav": 201.26582278481013,
  "kebwpdyu/8.wav": 200.0,
  "khkdrjgc/1.wav": 115.94202898550725,
  "khkdrjgc/2.wav": 129.03225806451613,
  "khkdrjgc/3.wav": 131.95764322563127,
  "khkdrjgc/4.wav": 128.0,
  "koidjzpa/1.wav": 253.96825396825398,
  "koidjzpa/2.wav": 262.2950819672131,
  "koidjzpa/3.wav": 238.80597014925374,
  "koidjzpa/4.wav": 264.4808743169399,
  "kpkwyaut/1.wav": 207.7922077922078,
  "kpkwyaut/2.wav": 209.15926179084073,
  "kpkwyaut/3.wav": 220.7001522070015,
  "kpkwyaut/4.wav": 191.62363740676994,
  "krdssgoc/1.wav": 172.04301075268816,
  "krdssgoc/2.wav": 183.90804597701148,
  "krdssgoc/3.wav": 211.9298245614035,
  "krdssgoc/4.wav": 192.7710843373494,
  "kwavzzrt/1.wav": 86.95652173913044,
  "kwavzzrt/2.wav": 86.97964369072591,
  "kwavzzrt/3.wav": 85.56149732620321,
  "kwavzzrt/4.wav": 87.43169398907104,
  "kwkhtyfx/1.wav": 253.96825396825398,
  "kwkhtyfx/2.wav": 250.0,
  "kwkhtyfx/3.wav": 250.0,
  "kwkhtyfx/4.wav": 242.42424242424244,
  "kwkhtyfx/5.wav": 238.80597014925374,
  "kwkhtyfx/6.wav": 235.2941176470588,
  "kxiphqej/1.wav": 103.56095517385839,
  "kxiphqej/2.wav": 107.74532922183928,
  "kxiphqej/3.wav": 107.38255033557047,
  "kxiphqej/4.wav": 114.28571428571429,
  "kxrnhrcj/1.wav": 125.0,
  "kxrnhrcj/2.wav": 250.0,
  "kxrnhrcj/3.wav": 125.98425196850394,
  "kxrnhrcj/4.wav": 124.67447916666666,
  "kygktvwz/1.wav": 231.8840579710145,
  "kygktvwz/2.wav": 213.33333333333334,
  "kygktvwz/3.wav": 225.35211267605635,
  "kygktvwz/4.wav": 222.22222222222223,
  "lbapynyb/1.wav": 108.10810810810811,
  "lbapynyb/2.wav": 109.2162892554282,
  "lbapynyb/3.wav": 97.27252568556435,
  "lbapynyb/4.wav": 113.47517730496453,
  "ljpqntmb/1.wav": 116.78832116788321,
  "ljpqntmb/2.wav": 117.65341984320087,
  "ljpqntmb/3.wav": 129.03225806451613,
  "ljpqntmb/4.wav": 160.0,
  "lldjbezy/1.wav": 235.2941176470588,
  "lldjbezy/2.wav": 231.8840579710145,
  "lldjbezy/3.wav": 222.22222222222223,
  "lldjbezy/4.wav": 219.17808219178082,
  "lperewmq/1.wav": 98.15950920245399,
  "lperewmq/2.wav": 109.58904109589041,
  "lperewmq/3.wav": 90.6522855675398,
  "lperewmq/4.wav": 103.8961038961039,
  "mjvpsmfu/1.wav": 181.8181818181818,
  "mjvpsmfu/2.wav": 190.47619047619048,
  "mjvpsmfu/3.wav": 175.82417582417582,
  "mjvpsmfu/4.wav": 160.0,
  "mrryqgqr/1.wav": 128.0,
  "mrryqgqr/2.wav": 121.21212121212122,
  "mrryqgqr/3.wav": 123.08420616604533,